{
  "version": 1,
  "author": "Amna Khalid",
  "editor": "wokwi",
  "parts": [
    { "type": "board-esp32-devkit-c-v4", "id": "esp", "top": 0, "left": 0, "attrs": {} },
    { "type": "wokwi-gas-sensor", "id": "gas1", "top": 146.7, "left": -233, "attrs": {} },
    { "type": "wokwi-dht22", "id": "dht1", "top": -172.5, "left": -101.4, "attrs": {} },
    { "type": "wokwi-flame-sensor", "id": "flame1", "top": 52.6, "left": -295, "attrs": {} },
    { "type": "wokwi-buzzer", "id": "bz1", "top": -132, "left": 21, "attrs": { "volume": "0.1" } },
    { "type": "wokwi-relay-module", "id": "relay1", "top": 57.8, "left": 153.6, "attrs": {} },
    { "type": "wokwi-servo", "id": "motor1", "top": 26.8, "left": 316.8, "attrs": {} }
  ],
  "connections": [
    [ "esp:TX", "$serialMonitor:RX", "", [] ],
    [ "esp:RX", "$serialMonitor:TX", "", [] ],
    [ "gas1:VCC", "esp:3V3", "red", [ "h76.8", "v-164.1" ] ],
    [ "gas1:GND", "esp:GND.1", "black", [ "h86.4", "v-29.6" ] ],
    [ "gas1:AOUT", "esp:34", "green", [ "h86.4", "v-96" ] ],
    [ "flame1:VCC", "esp:3V3", "red", [ "h48", "v-38.4", "h48" ] ],
    [ "flame1:GND", "esp:GND.1", "black", [ "h57.6", "v67.1" ] ],
    [ "flame1:DOUT", "flame1:AOUT", "green", [ "h0" ] ],
    [ "flame1:AOUT", "esp:25", "green", [ "h86.4", "v18.9" ] ],
    [ "bz1:2", "esp:26", "green", [ "v38.4", "h-86.8", "v124.8", "h9.6" ] ],
    [ "bz1:1", "esp:GND.2", "black", [ "v38.4", "h76.8" ] ],
    [ "dht1:VCC", "esp:3V3", "red", [ "v86.4", "h96" ] ],
    [ "dht1:GND", "esp:GND.2", "black", [ "v38.4", "h105.6", "v9.6", "h48", "v38.4" ] ],
    [ "dht1:SDA", "esp:14", "green", [ "v192", "h86.5" ] ],
    [ "relay1:GND", "esp:GND.3", "black", [ "h-48", "v-19.6" ] ],
    [ "relay1:VCC", "esp:3V3", "red", [ "h-28.8", "v-96", "h-124.8", "v-9.6" ] ],
    [ "relay1:IN", "esp:27", "green", [ "h-19.2", "v124.6", "h-153.6", "v19.2" ] ],
    [ "motor1:V+", "relay1:COM", "green", [ "h-48", "v0.1" ] ],
    [ "relay1:NO", "motor1:PWM", "green", [ "h20.4", "v-1.8" ] ],
    [ "relay1:NC", "motor1:GND", "green", [ "v-1.2", "h49.2" ] ]
  ],
  "dependencies": {}
}